{
  "WikiMEL": {
    "test": {
      "hits@1": 0.3404913909847166,
      "hits@5": 0.4393499709808474,
      "hits@10": 0.4741729541497388,
      "hits@30": 0.5314374153608048,
      "hits@100": 0.591603791835945,
      "mrr": 0.38782032506277186,
      "n": 5169,
      "skipped_oov": 0,
      "split": "test"
    }
  },
  "WikiDiverse": {
    "test": {
      "hits@1": 0.09961501443695861,
      "hits@5": 0.1944177093358999,
      "hits@10": 0.24061597690086622,
      "hits@30": 0.30798845043310874,
      "hits@100": 0.3912415784408085,
      "mrr": 0.14530464016947806,
      "n": 2078,
      "skipped_oov": 0,
      "split": "test"
    }
  },
  "RichpediaMEL": {
    "test": {
      "hits@1": 0.5162829870859068,
      "hits@5": 0.6583380123526109,
      "hits@10": 0.7055025266704099,
      "hits@30": 0.772599663110612,
      "hits@100": 0.8382930937675463,
      "mrr": 0.5839667809006014,
      "n": 3562,
      "skipped_oov": 0,
      "split": "test"
    }
  }
}