{
  "test": {
    "hits@1": 0.3621590249564713,
    "hits@5": 0.4505707100019346,
    "hits@10": 0.4821048558715419,
    "mrr": 0.4055599930906388,
    "n": 5169,
    "skipped_oov": 0,
    "split": "test"
  }
}