{
  "train": {
    "hits@1": 0.2119072454465217,
    "hits@5": 0.2792265104709941,
    "hits@10": 0.3105191366444676,
    "hits@16": 0.3372382251464334,
    "hits@100": 0.45831661718687317,
    "mrr": 0.24680961741240828,
    "n": 12463,
    "skipped_oov": 0,
    "split": "train"
  },
  "val": {
    "hits@1": 0.20730337078651687,
    "hits@5": 0.28370786516853935,
    "hits@10": 0.31797752808988766,
    "hits@16": 0.34101123595505617,
    "hits@100": 0.4646067415730337,
    "mrr": 0.24667270054456625,
    "n": 1780,
    "skipped_oov": 0,
    "split": "dev"
  },
  "test": {
    "hits@1": 0.21083660864682763,
    "hits@5": 0.27624929814710836,
    "hits@10": 0.31190342504211116,
    "hits@16": 0.33885457608085345,
    "hits@100": 0.4522740033688939,
    "mrr": 0.2456454321548519,
    "n": 3562,
    "skipped_oov": 0,
    "split": "test"
  }
}