{
  "test": {
    "hits@1": 0.5162829870859068,
    "hits@5": 0.6583380123526109,
    "hits@10": 0.7055025266704099,
    "hits@30": 0.772599663110612,
    "hits@100": 0.8382930937675463,
    "mrr": 0.5839667809006014,
    "n": 3562,
    "skipped_oov": 0,
    "split": "test"
  }
}