{
  "train": {
    "hits@1": 0.04898246850497753,
    "hits@5": 0.10236983525680557,
    "hits@10": 0.13241124130032597,
    "mrr": 0.07759566786026459,
    "n": 11351,
    "skipped_oov": 0,
    "split": "train"
  },
  "val": {
    "hits@1": 0.033052884615384616,
    "hits@5": 0.0703125,
    "hits@10": 0.09615384615384616,
    "mrr": 0.055185229549937403,
    "n": 1664,
    "skipped_oov": 0,
    "split": "dev"
  },
  "test": {
    "hits@1": 0.03753609239653513,
    "hits@5": 0.07747834456207892,
    "hits@10": 0.10346487006737247,
    "mrr": 0.06040791580370026,
    "n": 2078,
    "skipped_oov": 0,
    "split": "test"
  }
}