{
  "train": {
    "hits@1": 0.06688038912226399,
    "hits@5": 0.0857837718328543,
    "hits@10": 0.09529073623701083,
    "hits@16": 0.10297369002874199,
    "hits@100": 0.14055936325447713,
    "mrr": 0.07673401397655347,
    "n": 18092,
    "skipped_oov": 0,
    "split": "train"
  },
  "val": {
    "hits@1": 0.06692456479690523,
    "hits@5": 0.0839458413926499,
    "hits@10": 0.09284332688588008,
    "hits@16": 0.09980657640232109,
    "hits@100": 0.14313346228239845,
    "mrr": 0.07663068902880232,
    "n": 2585,
    "skipped_oov": 0,
    "split": "dev"
  },
  "test": {
    "hits@1": 0.0636486747920294,
    "hits@5": 0.08318823757012962,
    "hits@10": 0.09150706132714258,
    "hits@16": 0.09943896304894563,
    "hits@100": 0.13987231572838074,
    "mrr": 0.07365301710649627,
    "n": 5169,
    "skipped_oov": 0,
    "split": "test"
  }
}