{
  "test": {
    "hits@1": 0.09961501443695861,
    "hits@5": 0.1944177093358999,
    "hits@10": 0.24061597690086622,
    "hits@30": 0.30798845043310874,
    "hits@100": 0.3912415784408085,
    "mrr": 0.14530464016947806,
    "n": 2078,
    "skipped_oov": 0,
    "split": "test"
  }
}