{
  "train": {
    "hits@1": 0.08483834023434059,
    "hits@5": 0.15461192846445246,
    "hits@10": 0.1920535635626817,
    "mrr": 0.12068258692198941,
    "n": 11351,
    "skipped_oov": 0,
    "split": "train"
  },
  "val": {
    "hits@1": 0.051682692307692304,
    "hits@5": 0.10997596153846154,
    "hits@10": 0.13641826923076922,
    "mrr": 0.08311104889864705,
    "n": 1664,
    "skipped_oov": 0,
    "split": "dev"
  },
  "test": {
    "hits@1": 0.05149181905678537,
    "hits@5": 0.11645813282001925,
    "hits@10": 0.14870067372473533,
    "mrr": 0.08537783331666556,
    "n": 2078,
    "skipped_oov": 0,
    "split": "test"
  }
}