{
  "train": {
    "hits@1": 0.11144392564531759,
    "hits@5": 0.16562417408157873,
    "hits@10": 0.19214166152761872,
    "hits@16": 0.2096731565500837,
    "hits@100": 0.29301383138049514,
    "mrr": 0.13942985837690455,
    "n": 11351,
    "skipped_oov": 0,
    "split": "train"
  },
  "val": {
    "hits@1": 0.125,
    "hits@5": 0.17127403846153846,
    "hits@10": 0.19771634615384615,
    "hits@16": 0.21334134615384615,
    "hits@100": 0.30228365384615385,
    "mrr": 0.14856902404523334,
    "n": 1664,
    "skipped_oov": 0,
    "split": "dev"
  },
  "test": {
    "hits@1": 0.10587102983638114,
    "hits@5": 0.15014436958614052,
    "hits@10": 0.16794995187680462,
    "hits@16": 0.18046198267564967,
    "hits@100": 0.2478344562078922,
    "mrr": 0.12724683432891032,
    "n": 2078,
    "skipped_oov": 0,
    "split": "test"
  }
}