{
  "test": {
    "hits@1": 0.0011229646266142617,
    "hits@5": 0.005334081976417743,
    "hits@10": 0.008983717012914094,
    "mrr": 0.005029201595686177,
    "n": 3562,
    "skipped_oov": 0,
    "split": "test"
  }
}