{
  "train": {
    "hits@1": 0.36225956223745304,
    "hits@5": 0.4632434225071855,
    "hits@10": 0.5008290957329207,
    "mrr": 0.410663627865619,
    "n": 18092,
    "skipped_oov": 0,
    "split": "train"
  },
  "val": {
    "hits@1": 0.32495164410058025,
    "hits@5": 0.42437137330754354,
    "hits@10": 0.4661508704061896,
    "mrr": 0.37352960885982084,
    "n": 2585,
    "skipped_oov": 0,
    "split": "dev"
  },
  "test": {
    "hits@1": 0.3503579028825692,
    "hits@5": 0.440704198104082,
    "hits@10": 0.4745598761849487,
    "mrr": 0.3940639246805249,
    "n": 5169,
    "skipped_oov": 0,
    "split": "test"
  }
}