{
  "train": {
    "hits@1": 0.311883174195619,
    "hits@5": 0.46345181737944313,
    "hits@10": 0.5183342694375351,
    "hits@16": 0.55612613335473,
    "hits@100": 0.6903634758886303,
    "mrr": 0.3843539322022112,
    "n": 12463,
    "skipped_oov": 0,
    "split": "train"
  },
  "val": {
    "hits@1": 0.32303370786516855,
    "hits@5": 0.47696629213483144,
    "hits@10": 0.5348314606741573,
    "hits@16": 0.5634831460674158,
    "hits@100": 0.6910112359550562,
    "mrr": 0.397479640483943,
    "n": 1780,
    "skipped_oov": 0,
    "split": "dev"
  },
  "test": {
    "hits@1": 0.31920269511510385,
    "hits@5": 0.4724873666479506,
    "hits@10": 0.5266704098820887,
    "hits@16": 0.5631667602470523,
    "hits@100": 0.6982032565974172,
    "mrr": 0.3924541486694112,
    "n": 3562,
    "skipped_oov": 0,
    "split": "test"
  }
}