{
  "test": {
    "hits@1": 0.04956689124157844,
    "hits@5": 0.10923965351299326,
    "hits@10": 0.1395572666025024,
    "mrr": 0.07975467169343972,
    "n": 2078,
    "skipped_oov": 0,
    "split": "test"
  }
}