{
  "train": {
    "hits@1": 0.003690925138409693,
    "hits@5": 0.00994945037310439,
    "hits@10": 0.015164888068683302,
    "mrr": 0.008397925564159038,
    "n": 12463,
    "skipped_oov": 0,
    "split": "train"
  },
  "val": {
    "hits@1": 0.0011235955056179776,
    "hits@5": 0.0050561797752808986,
    "hits@10": 0.010674157303370787,
    "mrr": 0.0050924145324128395,
    "n": 1780,
    "skipped_oov": 0,
    "split": "dev"
  },
  "test": {
    "hits@1": 0.0011229646266142617,
    "hits@5": 0.005334081976417743,
    "hits@10": 0.009264458169567658,
    "mrr": 0.004966496618589301,
    "n": 3562,
    "skipped_oov": 0,
    "split": "test"
  }
}