{
  "WikiDiverse": {
    "train": {
      "hits@1": 0.08483834023434059,
      "hits@5": 0.15461192846445246,
      "hits@10": 0.1920535635626817,
      "mrr": 0.12068258692198941,
      "n": 11351,
      "skipped_oov": 0,
      "split": "train"
    },
    "val": {
      "hits@1": 0.051682692307692304,
      "hits@5": 0.10997596153846154,
      "hits@10": 0.13641826923076922,
      "mrr": 0.08311104889864705,
      "n": 1664,
      "skipped_oov": 0,
      "split": "dev"
    },
    "test": {
      "hits@1": 0.05149181905678537,
      "hits@5": 0.11645813282001925,
      "hits@10": 0.14870067372473533,
      "mrr": 0.08537783331666556,
      "n": 2078,
      "skipped_oov": 0,
      "split": "test"
    }
  },
  "RichpediaMEL": {
    "train": {
      "hits@1": 0.003690925138409693,
      "hits@5": 0.00994945037310439,
      "hits@10": 0.015164888068683302,
      "mrr": 0.008397925564159038,
      "n": 12463,
      "skipped_oov": 0,
      "split": "train"
    },
    "val": {
      "hits@1": 0.0011235955056179776,
      "hits@5": 0.0050561797752808986,
      "hits@10": 0.010674157303370787,
      "mrr": 0.0050924145324128395,
      "n": 1780,
      "skipped_oov": 0,
      "split": "dev"
    },
    "test": {
      "hits@1": 0.0011229646266142617,
      "hits@5": 0.005334081976417743,
      "hits@10": 0.009264458169567658,
      "mrr": 0.004966496618589301,
      "n": 3562,
      "skipped_oov": 0,
      "split": "test"
    }
  }
}