{
  "WikiMEL": {
    "test": {
      "hits@1": 0.3621590249564713,
      "hits@5": 0.4505707100019346,
      "hits@10": 0.4821048558715419,
      "mrr": 0.4055599930906388,
      "n": 5169,
      "skipped_oov": 0,
      "split": "test"
    }
  },
  "WikiDiverse": {
    "test": {
      "hits@1": 0.04956689124157844,
      "hits@5": 0.10923965351299326,
      "hits@10": 0.1395572666025024,
      "mrr": 0.07975467169343972,
      "n": 2078,
      "skipped_oov": 0,
      "split": "test"
    }
  },
  "RichpediaMEL": {
    "test": {
      "hits@1": 0.0011229646266142617,
      "hits@5": 0.005334081976417743,
      "hits@10": 0.008983717012914094,
      "mrr": 0.005029201595686177,
      "n": 3562,
      "skipped_oov": 0,
      "split": "test"
    }
  }
}