{
  "test": {
    "hits@1": 0.3404913909847166,
    "hits@5": 0.4393499709808474,
    "hits@10": 0.4741729541497388,
    "hits@30": 0.5314374153608048,
    "hits@100": 0.591603791835945,
    "mrr": 0.38782032506277186,
    "n": 5169,
    "skipped_oov": 0,
    "split": "test"
  }
}