{
  "WikiMEL": {
    "train": {
      "hits@1": 0.35175768295379173,
      "hits@5": 0.49342250718549635,
      "hits@10": 0.5376409462745965,
      "mrr": 0.4185747693962649,
      "n": 18092,
      "skipped_oov": 0,
      "split": "train"
    },
    "val": {
      "hits@1": 0.34661508704061894,
      "hits@5": 0.4843326885880077,
      "hits@10": 0.5237911025145068,
      "mrr": 0.4116505531048252,
      "n": 2585,
      "skipped_oov": 0,
      "split": "dev"
    },
    "test": {
      "hits@1": 0.3495840588121494,
      "hits@5": 0.4913909847165796,
      "hits@10": 0.5339524085896692,
      "mrr": 0.4167380117052443,
      "n": 5169,
      "skipped_oov": 0,
      "split": "test"
    }
  },
  "WikiDiverse": {
    "train": {
      "hits@1": 0.27292749537485683,
      "hits@5": 0.4618095321998062,
      "hits@10": 0.5381023698352568,
      "mrr": 0.36250526334578465,
      "n": 11351,
      "skipped_oov": 0,
      "split": "train"
    },
    "val": {
      "hits@1": 0.2734375,
      "hits@5": 0.45072115384615385,
      "hits@10": 0.5300480769230769,
      "mrr": 0.35777902069251477,
      "n": 1664,
      "skipped_oov": 0,
      "split": "dev"
    },
    "test": {
      "hits@1": 0.2593840230991338,
      "hits@5": 0.4735322425409047,
      "hits@10": 0.5433108758421559,
      "mrr": 0.3562547070074604,
      "n": 2078,
      "skipped_oov": 0,
      "split": "test"
    }
  },
  "RichpediaMEL": {
    "train": {
      "hits@1": 0.311883174195619,
      "hits@5": 0.46345181737944313,
      "hits@10": 0.5183342694375351,
      "mrr": 0.3843539322022112,
      "n": 12463,
      "skipped_oov": 0,
      "split": "train"
    },
    "val": {
      "hits@1": 0.32303370786516855,
      "hits@5": 0.47696629213483144,
      "hits@10": 0.5348314606741573,
      "mrr": 0.397479640483943,
      "n": 1780,
      "skipped_oov": 0,
      "split": "dev"
    },
    "test": {
      "hits@1": 0.31920269511510385,
      "hits@5": 0.4724873666479506,
      "hits@10": 0.5266704098820887,
      "mrr": 0.3924541486694112,
      "n": 3562,
      "skipped_oov": 0,
      "split": "test"
    }
  }
}