{
  "train": {
    "hits@1": 0.0033699751263740673,
    "hits@5": 0.009708737864077669,
    "hits@10": 0.01412180052956752,
    "mrr": 0.007879239226376424,
    "n": 12463,
    "skipped_oov": 0,
    "split": "train"
  },
  "val": {
    "hits@1": 0.0011235955056179776,
    "hits@5": 0.0033707865168539327,
    "hits@10": 0.007865168539325843,
    "mrr": 0.004368244915413212,
    "n": 1780,
    "skipped_oov": 0,
    "split": "dev"
  },
  "test": {
    "hits@1": 0.0025266704098820887,
    "hits@5": 0.005614823133071308,
    "hits@10": 0.010948905109489052,
    "mrr": 0.0059113878630030385,
    "n": 3562,
    "skipped_oov": 0,
    "split": "test"
  }
}