{
  "train": {
    "hits@1": 0.27292749537485683,
    "hits@5": 0.4618095321998062,
    "hits@10": 0.5381023698352568,
    "hits@16": 0.5855871729363051,
    "hits@100": 0.7472469385957184,
    "mrr": 0.36250526334578465,
    "n": 11351,
    "skipped_oov": 0,
    "split": "train"
  },
  "val": {
    "hits@1": 0.2734375,
    "hits@5": 0.45072115384615385,
    "hits@10": 0.5300480769230769,
    "hits@16": 0.5727163461538461,
    "hits@100": 0.7415865384615384,
    "mrr": 0.35777902069251477,
    "n": 1664,
    "skipped_oov": 0,
    "split": "dev"
  },
  "test": {
    "hits@1": 0.2593840230991338,
    "hits@5": 0.4735322425409047,
    "hits@10": 0.5433108758421559,
    "hits@16": 0.588065447545717,
    "hits@100": 0.7406159769008662,
    "mrr": 0.3562547070074604,
    "n": 2078,
    "skipped_oov": 0,
    "split": "test"
  }
}