{
  "train": {
    "hits@1": 0.35175768295379173,
    "hits@5": 0.49342250718549635,
    "hits@10": 0.5376409462745965,
    "hits@16": 0.5666592969268185,
    "hits@100": 0.6780897634313509,
    "mrr": 0.4185747693962649,
    "n": 18092,
    "skipped_oov": 0,
    "split": "train"
  },
  "val": {
    "hits@1": 0.34661508704061894,
    "hits@5": 0.4843326885880077,
    "hits@10": 0.5237911025145068,
    "hits@16": 0.5516441005802708,
    "hits@100": 0.6646034816247582,
    "mrr": 0.4116505531048252,
    "n": 2585,
    "skipped_oov": 0,
    "split": "dev"
  },
  "test": {
    "hits@1": 0.3495840588121494,
    "hits@5": 0.4913909847165796,
    "hits@10": 0.5339524085896692,
    "hits@16": 0.5685819307409556,
    "hits@100": 0.6763397175469142,
    "mrr": 0.4167380117052443,
    "n": 5169,
    "skipped_oov": 0,
    "split": "test"
  }
}