{
  "train": {
    "hits@1": 0.007702800288855011,
    "hits@5": 0.015967263098772368,
    "hits@10": 0.020460563267271123,
    "hits@16": 0.02334911337559175,
    "hits@100": 0.033138088742678325,
    "mrr": 0.011943082964391902,
    "n": 12463,
    "skipped_oov": 0,
    "split": "train"
  },
  "val": {
    "hits@1": 0.007303370786516854,
    "hits@5": 0.016292134831460674,
    "hits@10": 0.016853932584269662,
    "hits@16": 0.02247191011235955,
    "hits@100": 0.03539325842696629,
    "mrr": 0.011437968458423958,
    "n": 1780,
    "skipped_oov": 0,
    "split": "dev"
  },
  "test": {
    "hits@1": 0.004772599663110612,
    "hits@5": 0.013756316676024706,
    "hits@10": 0.01768669286917462,
    "hits@16": 0.02021336327905671,
    "hits@100": 0.028916339135317236,
    "mrr": 0.009136414401362102,
    "n": 3562,
    "skipped_oov": 0,
    "split": "test"
  }
}