{
  "train": {
    "hits@1": 0.3930032897376234,
    "hits@5": 0.49241755596565834,
    "hits@10": 0.5335793950092274,
    "hits@16": 0.5623044210864158,
    "hits@100": 0.666693412501003,
    "mrr": 0.4415088247798012,
    "n": 12463,
    "skipped_oov": 0,
    "split": "train"
  },
  "val": {
    "hits@1": 0.398876404494382,
    "hits@5": 0.5056179775280899,
    "hits@10": 0.5314606741573034,
    "hits@16": 0.5528089887640449,
    "hits@100": 0.647191011235955,
    "mrr": 0.44765128494883333,
    "n": 1780,
    "skipped_oov": 0,
    "split": "dev"
  },
  "test": {
    "hits@1": 0.39387984278495225,
    "hits@5": 0.49298147108366086,
    "hits@10": 0.5314430095451993,
    "hits@16": 0.5578326782706344,
    "hits@100": 0.6690061763054463,
    "mrr": 0.44193923187145906,
    "n": 3562,
    "skipped_oov": 0,
    "split": "test"
  }
}