{
  "train": {
    "hits@1": 0.13635861154101261,
    "hits@5": 0.17029626354189698,
    "hits@10": 0.1842803449038249,
    "hits@16": 0.19494804333407031,
    "hits@100": 0.2504974574397524,
    "mrr": 0.1539974720612233,
    "n": 18092,
    "skipped_oov": 0,
    "split": "train"
  },
  "val": {
    "hits@1": 0.13849129593810444,
    "hits@5": 0.17446808510638298,
    "hits@10": 0.18878143133462283,
    "hits@16": 0.20193423597678917,
    "hits@100": 0.24990328820116053,
    "mrr": 0.15680096149366393,
    "n": 2585,
    "skipped_oov": 0,
    "split": "dev"
  },
  "test": {
    "hits@1": 0.13329464112981235,
    "hits@5": 0.16753724124588895,
    "hits@10": 0.1799187463726059,
    "hits@16": 0.1882375701296189,
    "hits@100": 0.24221319404140065,
    "mrr": 0.15105904666595424,
    "n": 5169,
    "skipped_oov": 0,
    "split": "test"
  }
}