{
  "train": {
    "hits@1": 0.22350453704519427,
    "hits@5": 0.33045546647872437,
    "hits@10": 0.37300678354330014,
    "hits@16": 0.4008457404633953,
    "hits@100": 0.5251519689895163,
    "mrr": 0.2759347581814241,
    "n": 11351,
    "skipped_oov": 0,
    "split": "train"
  },
  "val": {
    "hits@1": 0.2205528846153846,
    "hits@5": 0.3203125,
    "hits@10": 0.3635817307692308,
    "hits@16": 0.3864182692307692,
    "hits@100": 0.5066105769230769,
    "mrr": 0.27079331169429194,
    "n": 1664,
    "skipped_oov": 0,
    "split": "dev"
  },
  "test": {
    "hits@1": 0.19538017324350337,
    "hits@5": 0.2829643888354187,
    "hits@10": 0.3171318575553417,
    "hits@16": 0.348893166506256,
    "hits@100": 0.45765158806544753,
    "mrr": 0.23878312419596887,
    "n": 2078,
    "skipped_oov": 0,
    "split": "test"
  }
}