{
  "train": {
    "hits@1": 0.05920183243767069,
    "hits@5": 0.11338208087393181,
    "hits@10": 0.14042815610959386,
    "hits@16": 0.1603382961853581,
    "hits@100": 0.2372478195753678,
    "mrr": 0.08631066446437335,
    "n": 11351,
    "skipped_oov": 0,
    "split": "train"
  },
  "val": {
    "hits@1": 0.0625,
    "hits@5": 0.11658653846153846,
    "hits@10": 0.1388221153846154,
    "hits@16": 0.16466346153846154,
    "hits@100": 0.24278846153846154,
    "mrr": 0.08888815114395911,
    "n": 1664,
    "skipped_oov": 0,
    "split": "dev"
  },
  "test": {
    "hits@1": 0.05582290664100096,
    "hits@5": 0.11164581328200192,
    "hits@10": 0.13618864292589028,
    "hits@16": 0.1496631376323388,
    "hits@100": 0.24302213666987488,
    "mrr": 0.08256011890227087,
    "n": 2078,
    "skipped_oov": 0,
    "split": "test"
  }
}